{
  "tau_1.9860": {
    "tau": 1.9859607662200927,
    "n_edges": 69,
    "n_triangles": 16,
    "beta_0": 2,
    "beta_1": 31,
    "energy_gradient_pct": 79.76768018707763,
    "energy_curl_pct": 2.096343992747103,
    "energy_harmonic_pct": 18.135975820175084,
    "node_potential": {
      "s0_lr0.01": -1.6832855448490802,
      "s0_lr0.05": -1.8028997178224637,
      "s0_lr0.1": -1.5688804064057214,
      "s1_lr0.01": -0.8887176197900742,
      "s1_lr0.05": -1.163121275582499,
      "s1_lr0.1": -0.4483430567159417,
      "s2_lr0.01": -0.6093872092811613,
      "s2_lr0.05": -0.32123727725673795,
      "s2_lr0.1": -0.5287977241352008,
      "s3_lr0.01": 0.04822945957603939,
      "s3_lr0.05": -8.408333463611957e-16,
      "s3_lr0.1": 0.03877919841643566,
      "s4_lr0.01": 0.1786782805661188,
      "s4_lr0.05": 0.285266148050272,
      "s4_lr0.1": 0.8654812019294632,
      "s5_lr0.01": 0.9024422846229756,
      "s5_lr0.05": 1.5033197707963606,
      "s5_lr0.1": 0.8080950898683189,
      "s6_lr0.01": 0.17680772340280235,
      "s6_lr0.05": 0.023198256420434032,
      "s6_lr0.1": 0.8617457856903668,
      "s7_lr0.01": 1.3870838981909543,
      "s7_lr0.05": 0.46437476759409263,
      "s7_lr0.1": 1.4711679667142468
    },
    "correlation_s_lr": {
      "rho": 0.08846517369293827,
      "p": 0.6810279978412652
    },
    "correlation_s_acc": {
      "rho": 0.17217391304347823,
      "p": 0.42111806892778636
    },
    "correlation_s_seed": {
      "rho": 0.8748025509254016,
      "p": 2.2622949036254986e-08
    }
  },
  "tau_2.1126": {
    "tau": 2.112559116744995,
    "n_edges": 138,
    "n_triangles": 40,
    "beta_0": 1,
    "beta_1": 75,
    "energy_gradient_pct": 71.402321871389,
    "energy_curl_pct": 3.0850730444996852,
    "energy_harmonic_pct": 25.512605084111378,
    "node_potential": {
      "s0_lr0.01": -1.6759934566025134,
      "s0_lr0.05": -1.8464571475936598,
      "s0_lr0.1": -1.5699906306448945,
      "s1_lr0.01": -1.294961747590714,
      "s1_lr0.05": -1.5444805588076842,
      "s1_lr0.1": -1.1081819622354532,
      "s2_lr0.01": -0.8937596988841776,
      "s2_lr0.05": 0.2707932045555088,
      "s2_lr0.1": -0.17506181605678586,
      "s3_lr0.01": -0.3288294902459011,
      "s3_lr0.05": 0.03072968434973992,
      "s3_lr0.1": -0.4505618778491454,
      "s4_lr0.01": 0.08975559061485931,
      "s4_lr0.05": 0.19823005204760547,
      "s4_lr0.1": 0.6822242850211495,
      "s5_lr0.01": 0.6104327171888434,
      "s5_lr0.05": 0.31030185498888807,
      "s5_lr0.1": 1.0883006058847733,
      "s6_lr0.01": 1.045907571719432,
      "s6_lr0.05": 0.7929381786160843,
      "s6_lr0.1": 1.2324534185424287,
      "s7_lr0.01": 1.689366528409238,
      "s7_lr0.05": 1.1369557327507316,
      "s7_lr0.1": 1.7098889618216462
    },
    "correlation_s_lr": {
      "rho": 0.12532566273166254,
      "p": 0.5595565266410965
    },
    "correlation_s_acc": {
      "rho": 0.25478260869565217,
      "p": 0.2295589641942164
    },
    "correlation_s_seed": {
      "rho": 0.9562406262367755,
      "p": 3.169391133362391e-13
    }
  },
  "tau_2.1787": {
    "tau": 2.1786807632446292,
    "n_edges": 166,
    "n_triangles": 51,
    "beta_0": 1,
    "beta_1": 92,
    "energy_gradient_pct": 71.31866808991464,
    "energy_curl_pct": 3.2394590327334676,
    "energy_harmonic_pct": 25.441872877351866,
    "node_potential": {
      "s0_lr0.01": -1.6758722967103188,
      "s0_lr0.05": -1.9075507763519106,
      "s0_lr0.1": -1.5758797988475985,
      "s1_lr0.01": -1.3690595263481855,
      "s1_lr0.05": -1.3431196967040115,
      "s1_lr0.1": -1.2346695551306939,
      "s2_lr0.01": -0.8898233016077255,
      "s2_lr0.05": 0.2680065270351493,
      "s2_lr0.1": -0.3776949714803675,
      "s3_lr0.01": -0.5795447211079119,
      "s3_lr0.05": -0.10854464577255414,
      "s3_lr0.1": -0.2619863041356892,
      "s4_lr0.01": 0.2661424148632526,
      "s4_lr0.05": 0.0646550305817231,
      "s4_lr0.1": 0.6875054472161898,
      "s5_lr0.01": 0.728136333263996,
      "s5_lr0.05": 0.3630801248818029,
      "s5_lr0.1": 1.0607802409596405,
      "s6_lr0.01": 1.0637563602109583,
      "s6_lr0.05": 0.871561650585451,
      "s6_lr0.1": 1.2033787149105941,
      "s7_lr0.01": 1.789919295331288,
      "s7_lr0.05": 1.1857201016553944,
      "s7_lr0.1": 1.7711033527015279
    },
    "correlation_s_lr": {
      "rho": 0.09583727150068312,
      "p": 0.6559810313285773
    },
    "correlation_s_acc": {
      "rho": 0.2217391304347826,
      "p": 0.2977178574717595
    },
    "correlation_s_seed": {
      "rho": 0.9641217302991665,
      "p": 3.700837590765486e-14
    }
  },
  "tau_2.2381": {
    "tau": 2.2381009450912472,
    "n_edges": 193,
    "n_triangles": 60,
    "beta_0": 1,
    "beta_1": 110,
    "energy_gradient_pct": 69.07688470643511,
    "energy_curl_pct": 3.6574978108461487,
    "energy_harmonic_pct": 27.265617482718827,
    "node_potential": {
      "s0_lr0.01": -1.6575191498511153,
      "s0_lr0.05": -1.802324737648378,
      "s0_lr0.1": -1.563216315705552,
      "s1_lr0.01": -1.4899273804762783,
      "s1_lr0.05": -1.3623219635723969,
      "s1_lr0.1": -1.1455814454889102,
      "s2_lr0.01": -0.9070938032336557,
      "s2_lr0.05": -0.15411585072662184,
      "s2_lr0.1": -0.4622055555810065,
      "s3_lr0.01": -0.5546658669326952,
      "s3_lr0.05": -0.0012778488430163863,
      "s3_lr0.1": -0.2591769393066095,
      "s4_lr0.01": -0.005223737279940808,
      "s4_lr0.05": 0.2748738324918899,
      "s4_lr0.1": 0.4482971735988925,
      "s5_lr0.01": 0.8998739199155338,
      "s5_lr0.05": 0.2812035837710452,
      "s5_lr0.1": 1.1993270803970828,
      "s6_lr0.01": 1.004267510288071,
      "s6_lr0.05": 1.106413190774509,
      "s6_lr0.1": 1.2562235556966996,
      "s7_lr0.01": 1.540379051387613,
      "s7_lr0.05": 1.5548323832230952,
      "s7_lr0.1": 1.7989593131017436
    },
    "correlation_s_lr": {
      "rho": 0.14006985834715227,
      "p": 0.5138866469556141
    },
    "correlation_s_acc": {
      "rho": 0.29478260869565215,
      "p": 0.16201059639566895
    },
    "correlation_s_seed": {
      "rho": 0.9746298690490212,
      "p": 8.588126511236118e-16
    }
  },
  "tau_2.2762": {
    "tau": 2.2761685168743133,
    "n_edges": 207,
    "n_triangles": 66,
    "beta_0": 1,
    "beta_1": 118,
    "energy_gradient_pct": 70.07944094583391,
    "energy_curl_pct": 3.419079060249083,
    "energy_harmonic_pct": 26.501479993916856,
    "node_potential": {
      "s0_lr0.01": -1.6892673095067325,
      "s0_lr0.05": -1.794520811824165,
      "s0_lr0.1": -1.518712808532219,
      "s1_lr0.01": -1.5248750116136505,
      "s1_lr0.05": -1.437238736065434,
      "s1_lr0.1": -1.1409346726206013,
      "s2_lr0.01": -0.9066709239427247,
      "s2_lr0.05": -0.10456888412901909,
      "s2_lr0.1": -0.4558157502850186,
      "s3_lr0.01": -0.6373981947915295,
      "s3_lr0.05": 0.007656483113726509,
      "s3_lr0.1": -0.3176011128067973,
      "s4_lr0.01": -0.02205028729074181,
      "s4_lr0.05": 0.13612711190076648,
      "s4_lr0.1": 0.5096978345323078,
      "s5_lr0.01": 0.8901476962240766,
      "s5_lr0.05": 0.431727102635703,
      "s5_lr0.1": 1.0924513044260191,
      "s6_lr0.01": 0.9895330848260416,
      "s6_lr0.05": 1.100650845558178,
      "s6_lr0.1": 1.3455289872216745,
      "s7_lr0.01": 1.4976536372706861,
      "s7_lr0.05": 1.7355896420246895,
      "s7_lr0.1": 1.812890773674763
    },
    "correlation_s_lr": {
      "rho": 0.14744195615489714,
      "p": 0.491750300169659
    },
    "correlation_s_acc": {
      "rho": 0.288695652173913,
      "p": 0.17126415242206844
    },
    "correlation_s_seed": {
      "rho": 0.9746298690490212,
      "p": 8.588126511236118e-16
    }
  },
  "tau_2.3072": {
    "tau": 2.3071776016235352,
    "n_edges": 221,
    "n_triangles": 73,
    "beta_0": 1,
    "beta_1": 125,
    "energy_gradient_pct": 69.93544184532932,
    "energy_curl_pct": 3.7152464566394983,
    "energy_harmonic_pct": 26.34931169803107,
    "node_potential": {
      "s0_lr0.01": -1.6892673095067323,