{
  "star": {
    "barrier_mean": 2.129242422946294,
    "barrier_median": 2.112559116744995,
    "barrier_max": 3.019908567428589,
    "beta_1": 75,
    "grad_pct": 71.402321871389,
    "curl_pct": 3.0850730444996852,
    "harm_pct": 25.512605084111378
  },
  "mst": {
    "barrier_mean": 2.4465001116248146,
    "barrier_median": 2.475789672136307,
    "barrier_max": 3.3969657640457154,
    "beta_1": 5,
    "grad_pct": 66.73580394092028,
    "curl_pct": 31.510417208444803,
    "harm_pct": 1.7537788506348915
  },
  "root": "s2_lr0.05",
  "mst_order": [
    [
      "s2_lr0.05",
      "s0_lr0.1"
    ],
    [
      "s0_lr0.1",
      "s0_lr0.01"
    ],
    [
      "s0_lr0.1",
      "s0_lr0.05"
    ],
    [
      "s0_lr0.01",
      "s1_lr0.05"
    ],
    [
      "s0_lr0.01",
      "s4_lr0.05"
    ],
    [
      "s0_lr0.01",
      "s5_lr0.01"
    ],
    [
      "s0_lr0.01",
      "s5_lr0.05"
    ],
    [
      "s0_lr0.05",
      "s3_lr0.01"
    ],
    [
      "s0_lr0.05",
      "s4_lr0.01"
    ],
    [
      "s1_lr0.05",
      "s3_lr0.05"
    ],
    [
      "s4_lr0.05",
      "s7_lr0.01"
    ],
    [
      "s5_lr0.01",
      "s1_lr0.1"
    ],
    [
      "s3_lr0.01",
      "s7_lr0.1"
    ],
    [
      "s7_lr0.01",
      "s3_lr0.1"
    ],
    [
      "s1_lr0.1",
      "s2_lr0.1"
    ],
    [
      "s1_lr0.1",
      "s4_lr0.1"
    ],
    [
      "s1_lr0.1",
      "s6_lr0.01"
    ],
    [
      "s2_lr0.1",
      "s1_lr0.01"
    ],
    [
      "s6_lr0.01",
      "s2_lr0.01"
    ],
    [
      "s2_lr0.01",
      "s5_lr0.1"
    ],
    [
      "s2_lr0.01",
      "s6_lr0.05"
    ],
    [
      "s2_lr0.01",
      "s6_lr0.1"
    ],
    [
      "s2_lr0.01",
      "s7_lr0.05"
    ]
  ],
  "pairs_improved": 52,
  "pairs_worsened": 224
}